{
    "$schema": "https://aka.ms/teamsfx-env-config-schema",
    "description": "You can customize the TeamsFx config for different environments. Visit https://aka.ms/teamsfx-env-config to learn more about this.",
    "manifest": {
        "appName": {
            "short": "Employee Lookup - local",
            "full": "Employee Lookup - local"
        },
        "description": {
            "short": "View everyone in your organization, filter by department and search by name",
            "full": ""
        },
        "icons": {
            "color": "resources/color.png",
            "outline": "resources/outline.png"
        }
    }
}