{
    "appName": "Employee Lookup",
    "projectId": "a0f49337-837a-48de-b29f-8ee1c36d5df0",
    "version": "2.1.0",
    "components": [
        {
            "name": "teams-tab",
            "hosting": "azure-storage",
            "deploy": true,
            "provision": true,
            "build": true,
            "folder": "tabs",
            "sso": true,
            "artifactFolder": "tabs\\build"
        },
        {
            "name": "azure-storage",
            "scenario": "Tab",
            "provision": true
        },
        {
            "name": "identity",
            "provision": true
        },
        {
            "name": "aad-app",
            "provision": true,
            "deploy": true
        },
        {
            "name": "teams-api",
            "hosting": "azure-function",
            "functionNames": [
                "api"
            ],
            "deploy": true,
            "build": true,
            "folder": "api",
            "artifactFolder": "api"
        },
        {
            "name": "azure-function",
            "scenario": "Api",
            "provision": true,
            "connections": [
                "identity",
                "aad-app",
                "teams-tab",
                "teams-api"
            ]
        }
    ],
    "isM365": true,
    "programmingLanguage": "javascript",
    "solutionSettings": {
        "name": "fx-solution-azure",
        "version": "1.0.0",
        "hostType": "Azure",
        "azureResources": [
            "function"
        ],
        "capabilities": [
            "Tab",
            "TabSSO"
        ],
        "activeResourcePlugins": [
            "fx-resource-local-debug",
            "fx-resource-appstudio",
            "fx-resource-cicd",
            "fx-resource-api-connector",
            "fx-resource-aad-app-for-teams",
            "fx-resource-frontend-hosting",
            "fx-resource-identity",
            "fx-resource-function"
        ]
    },
    "defaultFunctionName": "api"
}